year,unitid,inst_name,state_name,state_of_residence,type_of_freshman,enrollment_fall
2016,104179,University of Arizona,Arizona,Iowa,Total,36
2016,104179,University of Arizona,Arizona,Foreign countries,Total,463
2016,104179,University of Arizona,Arizona,Kentucky,Total,6
2016,104179,University of Arizona,Arizona,Florida,Total,46
2016,104179,University of Arizona,Arizona,South Dakota,Total,1
2016,104179,University of Arizona,Arizona,Michigan,Total,26
2016,104179,University of Arizona,Arizona,Delaware,Total,2
2016,104179,University of Arizona,Arizona,Alabama,Total,5
2016,104179,University of Arizona,Arizona,Kansas,Total,17
2016,104179,University of Arizona,Arizona,Maine,Total,4
2016,104179,University of Arizona,Arizona,Outlying areas total,Total,5
2016,104179,University of Arizona,Arizona,Arkansas,Total,4
2016,104179,University of Arizona,Arizona,Oregon,Total,35
2016,104179,University of Arizona,Arizona,Colorado,Total,98
2016,104179,University of Arizona,Arizona,Massachusetts,Total,51
2016,104179,University of Arizona,Arizona,Utah,Total,10
2016,104179,University of Arizona,Arizona,Nebraska,Total,8
2016,104179,University of Arizona,Arizona,New York,Total,97
2016,104179,University of Arizona,Arizona,Residence not reported (balance line),Total,9
2016,104179,University of Arizona,Arizona,Total,Total,7753
2016,104179,University of Arizona,Arizona,Rhode Island,Total,5
2016,104179,University of Arizona,Arizona,South Carolina,Total,10
2016,104179,University of Arizona,Arizona,California,Total,1246
2016,104179,University of Arizona,Arizona,North Dakota,Total,1
2016,104179,University of Arizona,Arizona,Nevada,Total,53
2016,104179,University of Arizona,Arizona,Hawaii,Total,19
2016,104179,University of Arizona,Arizona,State unknown,Total,67
2016,104179,University of Arizona,Arizona,Virginia,Total,39
2016,104179,University of Arizona,Arizona,Oklahoma,Total,6
2016,104179,University of Arizona,Arizona,Alaska,Total,12
2016,104179,University of Arizona,Arizona,New Hampshire,Total,14
2016,104179,University of Arizona,Arizona,Guam,Total,5
2016,104179,University of Arizona,Arizona,Pennsylvania,Total,71
2016,104179,University of Arizona,Arizona,Indiana,Total,24
2016,104179,University of Arizona,Arizona,North Carolina,Total,15
2016,104179,University of Arizona,Arizona,Idaho,Total,17
2016,104179,University of Arizona,Arizona,New Mexico,Total,36
2016,104179,University of Arizona,Arizona,Illinois,Total,236
2016,104179,University of Arizona,Arizona,Wyoming,Total,5
2016,104179,University of Arizona,Arizona,Ohio,Total,36
2016,104179,University of Arizona,Arizona,Minnesota,Total,59
2016,104179,University of Arizona,Arizona,Missouri,Total,29
2016,104179,University of Arizona,Arizona,Vermont,Total,5
2016,104179,University of Arizona,Arizona,Connecticut,Total,39
2016,104179,University of Arizona,Arizona,Arizona,Total,4236
2016,104179,University of Arizona,Arizona,Tennessee,Total,11
2016,104179,University of Arizona,Arizona,Mississippi,Total,1
2016,104179,University of Arizona,Arizona,Montana,Total,7
2016,104179,University of Arizona,Arizona,Texas,Total,118
2016,104179,University of Arizona,Arizona,Maryland,Total,44
2016,104179,University of Arizona,Arizona,Georgia,Total,39
2016,104179,University of Arizona,Arizona,Washington,Total,160
2016,104179,University of Arizona,Arizona,Louisiana,Total,9
2016,104179,University of Arizona,Arizona,US total,Total,7276
2016,104179,University of Arizona,Arizona,New Jersey,Total,102
2016,104179,University of Arizona,Arizona,District of Columbia,Total,21
2016,104179,University of Arizona,Arizona,Wisconsin,Total,38
2016,166027,Harvard University,Massachusetts,North Dakota,Total,3
2016,166027,Harvard University,Massachusetts,Utah,Total,7
2016,166027,Harvard University,Massachusetts,Vermont,Total,5
2016,166027,Harvard University,Massachusetts,Idaho,Total,2
2016,166027,Harvard University,Massachusetts,Massachusetts,Total,218
2016,166027,Harvard University,Massachusetts,Foreign countries,Total,193
2016,166027,Harvard University,Massachusetts,District of Columbia,Total,5
2016,166027,Harvard University,Massachusetts,Florida,Total,61
2016,166027,Harvard University,Massachusetts,Washington,Total,17
2016,166027,Harvard University,Massachusetts,Puerto Rico,Total,3
2016,166027,Harvard University,Massachusetts,Total,Total,1659
2016,166027,Harvard University,Massachusetts,Maine,Total,5
2016,166027,Harvard University,Massachusetts,New Jersey,Total,68
2016,166027,Harvard University,Massachusetts,Nevada,Total,5
2016,166027,Harvard University,Massachusetts,New Hampshire,Total,7
2016,166027,Harvard University,Massachusetts,Outlying areas total,Total,4
2016,166027,Harvard University,Massachusetts,West Virginia,Total,4
2016,166027,Harvard University,Massachusetts,New Mexico,Total,7
2016,166027,Harvard University,Massachusetts,North Carolina,Total,22
2016,166027,Harvard University,Massachusetts,Louisiana,Total,5
2016,166027,Harvard University,Massachusetts,Rhode Island,Total,14
2016,166027,Harvard University,Massachusetts,Iowa,Total,5
2016,166027,Harvard University,Massachusetts,Connecticut,Total,47
2016,166027,Harvard University,Massachusetts,Tennessee,Total,11
2016,166027,Harvard University,Massachusetts,Pennsylvania,Total,43
2016,166027,Harvard University,Massachusetts,Texas,Total,75
2016,166027,Harvard University,Massachusetts,Maryland,Total,42
2016,166027,Harvard University,Massachusetts,Michigan,Total,24
2016,166027,Harvard University,Massachusetts,Delaware,Total,4
2016,166027,Harvard University,Massachusetts,Alabama,Total,12
2016,166027,Harvard University,Massachusetts,State unknown,Total,32
2016,166027,Harvard University,Massachusetts,Wisconsin,Total,12
2016,166027,Harvard University,Massachusetts,Colorado,Total,17
2016,166027,Harvard University,Massachusetts,Georgia,Total,32
2016,166027,Harvard University,Massachusetts,Kansas,Total,7
2016,166027,Harvard University,Massachusetts,Minnesota,Total,18
2016,166027,Harvard University,Massachusetts,Montana,Total,3
2016,166027,Harvard University,Massachusetts,New York,Total,213
2016,166027,Harvard University,Massachusetts,Ohio,Total,32
2016,166027,Harvard University,Massachusetts,US total,Total,1462
2016,166027,Harvard University,Massachusetts,California,Total,213
2016,166027,Harvard University,Massachusetts,Indiana,Total,10
2016,166027,Harvard University,Massachusetts,Illinois,Total,46
2016,166027,Harvard University,Massachusetts,Oklahoma,Total,5
2016,166027,Harvard University,Massachusetts,Mississippi,Total,4
2016,166027,Harvard University,Massachusetts,Missouri,Total,11
2016,166027,Harvard University,Massachusetts,South Dakota,Total,2
2016,166027,Harvard University,Massachusetts,Nebraska,Total,4
2016,166027,Harvard University,Massachusetts,Guam,Total,1
2016,166027,Harvard University,Massachusetts,Arizona,Total,17
2016,166027,Harvard University,Massachusetts,Hawaii,Total,15
2016,166027,Harvard University,Massachusetts,South Carolina,Total,5
2016,166027,Harvard University,Massachusetts,Virginia,Total,29
2016,166027,Harvard University,Massachusetts,Oregon,Total,8
2016,166027,Harvard University,Massachusetts,Kentucky,Total,5
2016,166027,Harvard University,Massachusetts,Alaska,Total,2
2016,166027,Harvard University,Massachusetts,Arkansas,Total,2
2015,104179,University of Arizona,Arizona,New Jersey,Total,105
2015,104179,University of Arizona,Arizona,Guam,Total,4
2015,104179,University of Arizona,Arizona,Kansas,Total,6
2015,104179,University of Arizona,Arizona,New York,Total,99
2015,104179,University of Arizona,Arizona,New Mexico,Total,49
2015,104179,University of Arizona,Arizona,Alaska,Total,16
2015,104179,University of Arizona,Arizona,Washington,Total,147
2015,104179,University of Arizona,Arizona,Hawaii,Total,15
2015,104179,University of Arizona,Arizona,California,Total,1460
2015,104179,University of Arizona,Arizona,Outlying areas total,Total,5
2015,104179,University of Arizona,Arizona,Total,Total,8036
2015,104179,University of Arizona,Arizona,District of Columbia,Total,9
2015,104179,University of Arizona,Arizona,Puerto Rico,Total,1
2015,104179,University of Arizona,Arizona,Missouri,Total,21
2015,104179,University of Arizona,Arizona,Nebraska,Total,8
2015,104179,University of Arizona,Arizona,West Virginia,Total,1
2015,104179,University of Arizona,Arizona,Tennessee,Total,11
2015,104179,University of Arizona,Arizona,Maine,Total,5
2015,104179,University of Arizona,Arizona,Vermont,Total,2
2015,104179,University of Arizona,Arizona,US total,Total,7496
2015,104179,University of Arizona,Arizona,Wisconsin,Total,35
2015,104179,University of Arizona,Arizona,Oklahoma,Total,10
2015,104179,University of Arizona,Arizona,Indiana,Total,31
2015,104179,University of Arizona,Arizona,Connecticut,Total,47
2015,104179,University of Arizona,Arizona,Montana,Total,8
2015,104179,University of Arizona,Arizona,Wyoming,Total,1
2015,104179,University of Arizona,Arizona,Colorado,Total,155
2015,104179,University of Arizona,Arizona,Massachusetts,Total,63
2015,104179,University of Arizona,Arizona,New Hampshire,Total,13
2015,104179,University of Arizona,Arizona,Mississippi,Total,1
2015,104179,University of Arizona,Arizona,Georgia,Total,34
2015,104179,University of Arizona,Arizona,South Dakota,Total,4
2015,104179,University of Arizona,Arizona,Pennsylvania,Total,81
2015,104179,University of Arizona,Arizona,North Carolina,Total,14
2015,104179,University of Arizona,Arizona,Virginia,Total,41
2015,104179,University of Arizona,Arizona,State unknown,Total,89
2015,104179,University of Arizona,Arizona,Rhode Island,Total,6
2015,104179,University of Arizona,Arizona,Florida,Total,38
2015,104179,University of Arizona,Arizona,Michigan,Total,20
2015,104179,University of Arizona,Arizona,Utah,Total,21
2015,104179,University of Arizona,Arizona,Ohio,Total,37
2015,104179,University of Arizona,Arizona,Oregon,Total,38
2015,104179,University of Arizona,Arizona,Foreign countries,Total,507
2015,104179,University of Arizona,Arizona,Idaho,Total,15
2015,104179,University of Arizona,Arizona,Texas,Total,141
2015,104179,University of Arizona,Arizona,North Dakota,Total,1
2015,104179,University of Arizona,Arizona,Kentucky,Total,5
2015,104179,University of Arizona,Arizona,South Carolina,Total,4
2015,104179,University of Arizona,Arizona,Delaware,Total,8
2015,104179,University of Arizona,Arizona,Minnesota,Total,46
2015,104179,University of Arizona,Arizona,Nevada,Total,53
2015,104179,University of Arizona,Arizona,Alabama,Total,2
2015,104179,University of Arizona,Arizona,Arkansas,Total,4
2015,104179,University of Arizona,Arizona,Arizona,Total,4160
2015,104179,University of Arizona,Arizona,Illinois,Total,246
2015,104179,University of Arizona,Arizona,Iowa,Total,35
2015,104179,University of Arizona,Arizona,Maryland,Total,29
2015,104179,University of Arizona,Arizona,Residence not reported (balance line),Total,28
2015,104179,University of Arizona,Arizona,Louisiana,Total,6
2015,166027,Harvard University,Massachusetts,Oklahoma,Total,4
2015,166027,Harvard University,Massachusetts,New Mexico,Total,5
2015,166027,Harvard University,Massachusetts,Nevada,Total,4
2015,166027,Harvard University,Massachusetts,Michigan,Total,27
2015,166027,Harvard University,Massachusetts,South Dakota,Total,3
2015,166027,Harvard University,Massachusetts,Georgia,Total,31
2015,166027,Harvard University,Massachusetts,Ohio,Total,32
2015,166027,Harvard University,Massachusetts,Arkansas,Total,2
2015,166027,Harvard University,Massachusetts,Oregon,Total,11
2015,166027,Harvard University,Massachusetts,Montana,Total,2
2015,166027,Harvard University,Massachusetts,Wisconsin,Total,8
2015,166027,Harvard University,Massachusetts,New Jersey,Total,71
2015,166027,Harvard University,Massachusetts,Residence not reported (balance line),Total,17
2015,166027,Harvard University,Massachusetts,Minnesota,Total,23
2015,166027,Harvard University,Massachusetts,Total,Total,1659
2015,166027,Harvard University,Massachusetts,Illinois,Total,42
2015,166027,Harvard University,Massachusetts,Puerto Rico,Total,7
2015,166027,Harvard University,Massachusetts,West Virginia,Total,1
2015,166027,Harvard University,Massachusetts,Arizona,Total,12
2015,166027,Harvard University,Massachusetts,Hawaii,Total,7
2015,166027,Harvard University,Massachusetts,Texas,Total,84
2015,166027,Harvard University,Massachusetts,North Carolina,Total,23
2015,166027,Harvard University,Massachusetts,Alaska,Total,1
2015,166027,Harvard University,Massachusetts,Rhode Island,Total,3
2015,166027,Harvard University,Massachusetts,Washington,Total,18
2015,166027,Harvard University,Massachusetts,Mississippi,Total,4
2015,166027,Harvard University,Massachusetts,Foreign countries,Total,171
2015,166027,Harvard University,Massachusetts,Tennessee,Total,14
2015,166027,Harvard University,Massachusetts,District of Columbia,Total,8
2015,166027,Harvard University,Massachusetts,Idaho,Total,4
2015,166027,Harvard University,Massachusetts,California,Total,249
2015,166027,Harvard University,Massachusetts,Virginia,Total,24
2015,166027,Harvard University,Massachusetts,New York,Total,184
2015,166027,Harvard University,Massachusetts,Nebraska,Total,5
2015,166027,Harvard University,Massachusetts,New Hampshire,Total,8
2015,166027,Harvard University,Massachusetts,Kansas,Total,5
2015,166027,Harvard University,Massachusetts,Iowa,Total,10
2015,166027,Harvard University,Massachusetts,Louisiana,Total,7
2015,166027,Harvard University,Massachusetts,Maryland,Total,34
2015,166027,Harvard University,Massachusetts,Vermont,Total,8
2015,166027,Harvard University,Massachusetts,Kentucky,Total,7
2015,166027,Harvard University,Massachusetts,North Dakota,Total,5
2015,166027,Harvard University,Massachusetts,Utah,Total,9
2015,166027,Harvard University,Massachusetts,Outlying areas total,Total,7
2015,166027,Harvard University,Massachusetts,Colorado,Total,17
2015,166027,Harvard University,Massachusetts,Alabama,Total,8
2015,166027,Harvard University,Massachusetts,Massachusetts,Total,251
2015,166027,Harvard University,Massachusetts,US total,Total,1464
2015,166027,Harvard University,Massachusetts,Delaware,Total,5
2015,166027,Harvard University,Massachusetts,Indiana,Total,16
2015,166027,Harvard University,Massachusetts,South Carolina,Total,6
2015,166027,Harvard University,Massachusetts,Connecticut,Total,39
2015,166027,Harvard University,Massachusetts,Maine,Total,8
2015,166027,Harvard University,Massachusetts,Missouri,Total,11
2015,166027,Harvard University,Massachusetts,Florida,Total,57
2015,166027,Harvard University,Massachusetts,Pennsylvania,Total,47
2014,104179,University of Arizona,Arizona,Outlying areas total,Total,2
2014,104179,University of Arizona,Arizona,Indiana,Total,22
2014,104179,University of Arizona,Arizona,Hawaii,Total,10
2014,104179,University of Arizona,Arizona,California,Total,1360
2014,104179,University of Arizona,Arizona,New Hampshire,Total,4
2014,104179,University of Arizona,Arizona,Kentucky,Total,2
2014,104179,University of Arizona,Arizona,Michigan,Total,18
2014,104179,University of Arizona,Arizona,Connecticut,Total,42
2014,104179,University of Arizona,Arizona,New Jersey,Total,117
2014,104179,University of Arizona,Arizona,New Mexico,Total,26
2014,104179,University of Arizona,Arizona,Wyoming,Total,5
2014,104179,University of Arizona,Arizona,Nevada,Total,73
2014,104179,University of Arizona,Arizona,Utah,Total,23
2014,104179,University of Arizona,Arizona,North Carolina,Total,9
2014,104179,University of Arizona,Arizona,Total,Total,7744
2014,104179,University of Arizona,Arizona,Alabama,Total,3
2014,104179,University of Arizona,Arizona,Oregon,Total,54
2014,104179,University of Arizona,Arizona,Foreign countries,Total,268
2014,104179,University of Arizona,Arizona,Maine,Total,9
2014,104179,University of Arizona,Arizona,Residence not reported (balance line),Total,2
2014,104179,University of Arizona,Arizona,Maryland,Total,34
2014,104179,University of Arizona,Arizona,District of Columbia,Total,3
2014,104179,University of Arizona,Arizona,Tennessee,Total,5
2014,104179,University of Arizona,Arizona,South Dakota,Total,1
2014,104179,University of Arizona,Arizona,Minnesota,Total,35
2014,104179,University of Arizona,Arizona,Montana,Total,7
2014,104179,University of Arizona,Arizona,Washington,Total,153
2014,104179,University of Arizona,Arizona,Nebraska,Total,11
2014,104179,University of Arizona,Arizona,Kansas,Total,16
2014,104179,University of Arizona,Arizona,Rhode Island,Total,4
2014,104179,University of Arizona,Arizona,Iowa,Total,11
2014,104179,University of Arizona,Arizona,Illinois,Total,176
2014,104179,University of Arizona,Arizona,Colorado,Total,140
2014,104179,University of Arizona,Arizona,Arizona,Total,4502
2014,104179,University of Arizona,Arizona,Massachusetts,Total,50
2014,104179,University of Arizona,Arizona,Missouri,Total,31
2014,104179,University of Arizona,Arizona,Delaware,Total,2
2014,104179,University of Arizona,Arizona,Vermont,Total,7
2014,104179,University of Arizona,Arizona,Idaho,Total,20
2014,104179,University of Arizona,Arizona,North Dakota,Total,1
2014,104179,University of Arizona,Arizona,Texas,Total,146
2014,104179,University of Arizona,Arizona,Florida,Total,31
2014,104179,University of Arizona,Arizona,Louisiana,Total,6
2014,104179,University of Arizona,Arizona,Pennsylvania,Total,58
2014,104179,University of Arizona,Arizona,Wisconsin,Total,24
2014,104179,University of Arizona,Arizona,Puerto Rico,Total,2
2014,104179,University of Arizona,Arizona,Ohio,Total,38
2014,104179,University of Arizona,Arizona,Georgia,Total,13
2014,104179,University of Arizona,Arizona,South Carolina,Total,4
2014,104179,University of Arizona,Arizona,State unknown,Total,55
2014,104179,University of Arizona,Arizona,New York,Total,68
2014,104179,University of Arizona,Arizona,West Virginia,Total,2
2014,104179,University of Arizona,Arizona,Oklahoma,Total,7
2014,104179,University of Arizona,Arizona,US total,Total,7472
2014,104179,University of Arizona,Arizona,Virginia,Total,27
2014,104179,University of Arizona,Arizona,Alaska,Total,7
2014,166027,Harvard University,Massachusetts,California,Total,224
2014,166027,Harvard University,Massachusetts,Arkansas,Total,3
2014,166027,Harvard University,Massachusetts,Oregon,Total,14
2014,166027,Harvard University,Massachusetts,Puerto Rico,Total,4
2014,166027,Harvard University,Massachusetts,Maine,Total,6
2014,166027,Harvard University,Massachusetts,Florida,Total,62
2014,166027,Harvard University,Massachusetts,Massachusetts,Total,234
2014,166027,Harvard University,Massachusetts,South Dakota,Total,5
2014,166027,Harvard University,Massachusetts,Oklahoma,Total,5
2014,166027,Harvard University,Massachusetts,Nevada,Total,5
2014,166027,Harvard University,Massachusetts,Louisiana,Total,2
2014,166027,Harvard University,Massachusetts,Foreign countries,Total,215
2014,166027,Harvard University,Massachusetts,Kentucky,Total,4
2014,166027,Harvard University,Massachusetts,Virginia,Total,26
2014,166027,Harvard University,Massachusetts,Minnesota,Total,16
2014,166027,Harvard University,Massachusetts,Rhode Island,Total,14
2014,166027,Harvard University,Massachusetts,Missouri,Total,7
2014,166027,Harvard University,Massachusetts,Connecticut,Total,44
2014,166027,Harvard University,Massachusetts,Vermont,Total,8
2014,166027,Harvard University,Massachusetts,Ohio,Total,25
2014,166027,Harvard University,Massachusetts,Hawaii,Total,11
2014,166027,Harvard University,Massachusetts,Delaware,Total,2
2014,166027,Harvard University,Massachusetts,Guam,Total,1
2014,166027,Harvard University,Massachusetts,Nebraska,Total,2
2014,166027,Harvard University,Massachusetts,Indiana,Total,11
2014,166027,Harvard University,Massachusetts,New Mexico,Total,3
2014,166027,Harvard University,Massachusetts,Pennsylvania,Total,49
2014,166027,Harvard University,Massachusetts,Illinois,Total,35
2014,166027,Harvard University,Massachusetts,Arizona,Total,9
2014,166027,Harvard University,Massachusetts,Wyoming,Total,2
2014,166027,Harvard University,Massachusetts,Michigan,Total,36
2014,166027,Harvard University,Massachusetts,New Hampshire,Total,5
2014,166027,Harvard University,Massachusetts,Alabama,Total,7
2014,166027,Harvard University,Massachusetts,Outlying areas total,Total,7
2014,166027,Harvard University,Massachusetts,North Carolina,Total,17
2014,166027,Harvard University,Massachusetts,New York,Total,207
2014,166027,Harvard University,Massachusetts,North Dakota,Total,2
2014,166027,Harvard University,Massachusetts,Mississippi,Total,3
2014,166027,Harvard University,Massachusetts,US total,Total,1428
2014,166027,Harvard University,Massachusetts,Montana,Total,2
2014,166027,Harvard University,Massachusetts,District of Columbia,Total,10
2014,166027,Harvard University,Massachusetts,Maryland,Total,39
2014,166027,Harvard University,Massachusetts,Georgia,Total,33
2014,166027,Harvard University,Massachusetts,Alaska,Total,3
2014,166027,Harvard University,Massachusetts,Texas,Total,78
2014,166027,Harvard University,Massachusetts,Kansas,Total,5
2014,166027,Harvard University,Massachusetts,Utah,Total,5
2014,166027,Harvard University,Massachusetts,Idaho,Total,5
2014,166027,Harvard University,Massachusetts,West Virginia,Total,3
2014,166027,Harvard University,Massachusetts,Colorado,Total,14
2014,166027,Harvard University,Massachusetts,Washington,Total,25
2014,166027,Harvard University,Massachusetts,Wisconsin,Total,8
2014,166027,Harvard University,Massachusetts,South Carolina,Total,6
2014,166027,Harvard University,Massachusetts,Iowa,Total,3
2014,166027,Harvard University,Massachusetts,Virgin Islands,Total,2
2014,166027,Harvard University,Massachusetts,Tennessee,Total,10
2014,166027,Harvard University,Massachusetts,Total,Total,1650
2014,166027,Harvard University,Massachusetts,New Jersey,Total,74
2013,104179,University of Arizona,Arizona,Nebraska,Total,7
2013,104179,University of Arizona,Arizona,Utah,Total,12
2013,104179,University of Arizona,Arizona,Maryland,Total,30
2013,104179,University of Arizona,Arizona,State unknown,Total,193
2013,104179,University of Arizona,Arizona,New Mexico,Total,33
2013,104179,University of Arizona,Arizona,Guam,Total,1
2013,104179,University of Arizona,Arizona,Outlying areas total,Total,3
2013,104179,University of Arizona,Arizona,Residence not reported (balance line),Total,3
2013,104179,University of Arizona,Arizona,West Virginia,Total,1
2013,104179,University of Arizona,Arizona,Montana,Total,3
2013,104179,University of Arizona,Arizona,California,Total,1232
2013,104179,University of Arizona,Arizona,Kentucky,Total,2
2013,104179,University of Arizona,Arizona,Nevada,Total,58
2013,104179,University of Arizona,Arizona,Total,Total,6881
2013,104179,University of Arizona,Arizona,New Jersey,Total,71
2013,104179,University of Arizona,Arizona,Kansas,Total,10
2013,104179,University of Arizona,Arizona,Virginia,Total,28
2013,104179,University of Arizona,Arizona,North Carolina,Total,5
2013,104179,University of Arizona,Arizona,Hawaii,Total,8
2013,104179,University of Arizona,Arizona,South Carolina,Total,2
2013,104179,University of Arizona,Arizona,Ohio,Total,13
2013,104179,University of Arizona,Arizona,Texas,Total,101
2013,104179,University of Arizona,Arizona,Wisconsin,Total,16
2013,104179,University of Arizona,Arizona,Pennsylvania,Total,38
2013,104179,University of Arizona,Arizona,Delaware,Total,3
2013,104179,University of Arizona,Arizona,Iowa,Total,3
2013,104179,University of Arizona,Arizona,Massachusetts,Total,21
2013,104179,University of Arizona,Arizona,Louisiana,Total,3
2013,104179,University of Arizona,Arizona,Alabama,Total,6
2013,104179,University of Arizona,Arizona,Indiana,Total,9
2013,104179,University of Arizona,Arizona,Alaska,Total,9
2013,104179,University of Arizona,Arizona,Puerto Rico,Total,2
2013,104179,University of Arizona,Arizona,New Hampshire,Total,2
2013,104179,University of Arizona,Arizona,Illinois,Total,127
2013,104179,University of Arizona,Arizona,Connecticut,Total,22
2013,104179,University of Arizona,Arizona,Arizona,Total,4334
2013,104179,University of Arizona,Arizona,Oklahoma,Total,6
2013,104179,University of Arizona,Arizona,US total,Total,6875
2013,104179,University of Arizona,Arizona,Washington,Total,144
2013,104179,University of Arizona,Arizona,Maine,Total,2
2013,104179,University of Arizona,Arizona,Wyoming,Total,2
2013,104179,University of Arizona,Arizona,Rhode Island,Total,2
2013,104179,University of Arizona,Arizona,Michigan,Total,21
2013,104179,University of Arizona,Arizona,Idaho,Total,21
2013,104179,University of Arizona,Arizona,Minnesota,Total,17
2013,104179,University of Arizona,Arizona,New York,Total,48
2013,104179,University of Arizona,Arizona,Missouri,Total,19
2013,104179,University of Arizona,Arizona,South Dakota,Total,3
2013,104179,University of Arizona,Arizona,Georgia,Total,18
2013,104179,University of Arizona,Arizona,Florida,Total,24
2013,104179,University of Arizona,Arizona,Tennessee,Total,5
2013,104179,University of Arizona,Arizona,Colorado,Total,100
2013,104179,University of Arizona,Arizona,Arkansas,Total,3
2013,104179,University of Arizona,Arizona,District of Columbia,Total,3
2013,104179,University of Arizona,Arizona,Oregon,Total,35
2012,104179,University of Arizona,Arizona,Florida,Total,28
2012,104179,University of Arizona,Arizona,Oklahoma,Total,8
2012,104179,University of Arizona,Arizona,South Carolina,Total,2
2012,104179,University of Arizona,Arizona,Outlying areas total,Total,7
2012,104179,University of Arizona,Arizona,Louisiana,Total,5
2012,104179,University of Arizona,Arizona,Montana,Total,5
2012,104179,University of Arizona,Arizona,Texas,Total,166
2012,104179,University of Arizona,Arizona,Illinois,Total,133
2012,104179,University of Arizona,Arizona,South Dakota,Total,1
2012,104179,University of Arizona,Arizona,District of Columbia,Total,7
2012,104179,University of Arizona,Arizona,Missouri,Total,23
2012,104179,University of Arizona,Arizona,Hawaii,Total,9
2012,104179,University of Arizona,Arizona,Arkansas,Total,1
2012,104179,University of Arizona,Arizona,State unknown,Total,41
2012,104179,University of Arizona,Arizona,Virgin Islands,Total,1
2012,104179,University of Arizona,Arizona,Alabama,Total,8
2012,104179,University of Arizona,Arizona,North Carolina,Total,10
2012,104179,University of Arizona,Arizona,Pennsylvania,Total,44
2012,104179,University of Arizona,Arizona,Minnesota,Total,31
2012,104179,University of Arizona,Arizona,Iowa,Total,24
2012,104179,University of Arizona,Arizona,Nevada,Total,39
2012,104179,University of Arizona,Arizona,New Jersey,Total,78
2012,104179,University of Arizona,Arizona,Arizona,Total,4465
2012,104179,University of Arizona,Arizona,Kentucky,Total,5
2012,104179,University of Arizona,Arizona,New Hampshire,Total,11
2012,104179,University of Arizona,Arizona,California,Total,1165
2012,104179,University of Arizona,Arizona,Wyoming,Total,3
2012,104179,University of Arizona,Arizona,Guam,Total,3
2012,104179,University of Arizona,Arizona,Utah,Total,27
2012,104179,University of Arizona,Arizona,Maryland,Total,34
2012,104179,University of Arizona,Arizona,Maine,Total,4
2012,104179,University of Arizona,Arizona,Puerto Rico,Total,3
2012,104179,University of Arizona,Arizona,Oregon,Total,48
2012,104179,University of Arizona,Arizona,Massachusetts,Total,45
2012,104179,University of Arizona,Arizona,Indiana,Total,24
2012,104179,University of Arizona,Arizona,Foreign countries,Total,365
2012,104179,University of Arizona,Arizona,Vermont,Total,3
2012,104179,University of Arizona,Arizona,Rhode Island,Total,3
2012,104179,University of Arizona,Arizona,Alaska,Total,7
2012,104179,University of Arizona,Arizona,Total,Total,7401
2012,104179,University of Arizona,Arizona,Ohio,Total,22
2012,104179,University of Arizona,Arizona,Connecticut,Total,30
2012,104179,University of Arizona,Arizona,Georgia,Total,17
2012,104179,University of Arizona,Arizona,US total,Total,7029
2012,104179,University of Arizona,Arizona,Idaho,Total,16
2012,104179,University of Arizona,Arizona,Michigan,Total,27
2012,104179,University of Arizona,Arizona,New Mexico,Total,42
2012,104179,University of Arizona,Arizona,Nebraska,Total,4
2012,104179,University of Arizona,Arizona,Tennessee,Total,11
2012,104179,University of Arizona,Arizona,Kansas,Total,14
2012,104179,University of Arizona,Arizona,New York,Total,64
2012,104179,University of Arizona,Arizona,North Dakota,Total,1
2012,104179,University of Arizona,Arizona,West Virginia,Total,2
2012,104179,University of Arizona,Arizona,Colorado,Total,81
2012,104179,University of Arizona,Arizona,Washington,Total,140
2012,104179,University of Arizona,Arizona,Virginia,Total,25
2012,104179,University of Arizona,Arizona,Wisconsin,Total,26
2012,166027,Harvard University,Massachusetts,Residence not reported (balance line),Total,16
2012,166027,Harvard University,Massachusetts,Texas,Total,66
2012,166027,Harvard University,Massachusetts,Massachusetts,Total,242
2012,166027,Harvard University,Massachusetts,Kansas,Total,3
2012,166027,Harvard University,Massachusetts,Puerto Rico,Total,3
2012,166027,Harvard University,Massachusetts,South Carolina,Total,6
2012,166027,Harvard University,Massachusetts,Ohio,Total,29
2012,166027,Harvard University,Massachusetts,Utah,Total,5
2012,166027,Harvard University,Massachusetts,Missouri,Total,13
2012,166027,Harvard University,Massachusetts,Alabama,Total,5
2012,166027,Harvard University,Massachusetts,Alaska,Total,1
2012,166027,Harvard University,Massachusetts,Louisiana,Total,7
2012,166027,Harvard University,Massachusetts,Rhode Island,Total,12
2012,166027,Harvard University,Massachusetts,Oklahoma,Total,2
2012,166027,Harvard University,Massachusetts,Idaho,Total,2
2012,166027,Harvard University,Massachusetts,Colorado,Total,15
2012,166027,Harvard University,Massachusetts,Connecticut,Total,46
2012,166027,Harvard University,Massachusetts,Virginia,Total,22
2012,166027,Harvard University,Massachusetts,New Mexico,Total,5
2012,166027,Harvard University,Massachusetts,Total,Total,1665
2012,166027,Harvard University,Massachusetts,State unknown,Total,28
2012,166027,Harvard University,Massachusetts,Florida,Total,75
2012,166027,Harvard University,Massachusetts,Oregon,Total,9
2012,166027,Harvard University,Massachusetts,Montana,Total,6
2012,166027,Harvard University,Massachusetts,Minnesota,Total,26
2012,166027,Harvard University,Massachusetts,North Carolina,Total,22
2012,166027,Harvard University,Massachusetts,Wisconsin,Total,14
2012,166027,Harvard University,Massachusetts,Outlying areas total,Total,3
2012,166027,Harvard University,Massachusetts,Arkansas,Total,234
2012,166027,Harvard University,Massachusetts,Indiana,Total,15
2012,166027,Harvard University,Massachusetts,North Dakota,Total,2
2012,166027,Harvard University,Massachusetts,South Dakota,Total,1
2012,166027,Harvard University,Massachusetts,Foreign countries,Total,186
2012,166027,Harvard University,Massachusetts,Arizona,Total,1
2012,166027,Harvard University,Massachusetts,Illinois,Total,32
2012,166027,Harvard University,Massachusetts,New York,Total,203
2012,166027,Harvard University,Massachusetts,US total,Total,1460
2012,166027,Harvard University,Massachusetts,Kentucky,Total,6
2012,166027,Harvard University,Massachusetts,Vermont,Total,4
2012,166027,Harvard University,Massachusetts,Nevada,Total,5
2012,166027,Harvard University,Massachusetts,Georgia,Total,35
2012,166027,Harvard University,Massachusetts,Maine,Total,8
2012,166027,Harvard University,Massachusetts,Pennsylvania,Total,28
2012,166027,Harvard University,Massachusetts,New Jersey,Total,72
2012,166027,Harvard University,Massachusetts,Hawaii,Total,7
2012,166027,Harvard University,Massachusetts,District of Columbia,Total,10
2012,166027,Harvard University,Massachusetts,Washington,Total,23
2012,166027,Harvard University,Massachusetts,Nebraska,Total,3
2012,166027,Harvard University,Massachusetts,Delaware,Total,2
2012,166027,Harvard University,Massachusetts,Tennessee,Total,14
2012,166027,Harvard University,Massachusetts,Michigan,Total,25
2012,166027,Harvard University,Massachusetts,West Virginia,Total,5
2012,166027,Harvard University,Massachusetts,Maryland,Total,50
2012,166027,Harvard University,Massachusetts,Iowa,Total,4
2012,166027,Harvard University,Massachusetts,New Hampshire,Total,10
2011,104179,University of Arizona,Arizona,Rhode Island,Total,2
2011,104179,University of Arizona,Arizona,Idaho,Total,12
2011,104179,University of Arizona,Arizona,New York,Total,98
2011,104179,University of Arizona,Arizona,Total,Total,7300
2011,104179,University of Arizona,Arizona,Washington,Total,90
2011,104179,University of Arizona,Arizona,Massachusetts,Total,47
2011,104179,University of Arizona,Arizona,California,Total,1250
2011,104179,University of Arizona,Arizona,Virginia,Total,27
2011,104179,University of Arizona,Arizona,Hawaii,Total,6
2011,104179,University of Arizona,Arizona,Nevada,Total,60
2011,104179,University of Arizona,Arizona,American Samoa,Total,1
2011,104179,University of Arizona,Arizona,South Dakota,Total,3
2011,104179,University of Arizona,Arizona,Illinois,Total,134
2011,104179,University of Arizona,Arizona,New Mexico,Total,34
2011,104179,University of Arizona,Arizona,Puerto Rico,Total,8
2011,104179,University of Arizona,Arizona,Maine,Total,9
2011,104179,University of Arizona,Arizona,Maryland,Total,40
2011,104179,University of Arizona,Arizona,Kansas,Total,9
2011,104179,University of Arizona,Arizona,New Hampshire,Total,7
2011,104179,University of Arizona,Arizona,District of Columbia,Total,21
2011,104179,University of Arizona,Arizona,Delaware,Total,4
2011,104179,University of Arizona,Arizona,Connecticut,Total,26
2011,104179,University of Arizona,Arizona,Utah,Total,8
2011,104179,University of Arizona,Arizona,New Jersey,Total,74
2011,104179,University of Arizona,Arizona,Outlying areas total,Total,9
2011,104179,University of Arizona,Arizona,Montana,Total,1
2011,104179,University of Arizona,Arizona,Alaska,Total,8
2011,104179,University of Arizona,Arizona,Florida,Total,22
2011,104179,University of Arizona,Arizona,Mississippi,Total,1
2011,104179,University of Arizona,Arizona,Wisconsin,Total,22
2011,104179,University of Arizona,Arizona,Texas,Total,150
2011,104179,University of Arizona,Arizona,Georgia,Total,10
2011,104179,University of Arizona,Arizona,Louisiana,Total,3
2011,104179,University of Arizona,Arizona,North Dakota,Total,1
2011,104179,University of Arizona,Arizona,Arkansas,Total,1
2011,104179,University of Arizona,Arizona,Colorado,Total,88
2011,104179,University of Arizona,Arizona,Foreign countries,Total,198
2011,104179,University of Arizona,Arizona,Tennessee,Total,9
2011,104179,University of Arizona,Arizona,Wyoming,Total,3
2011,104179,University of Arizona,Arizona,Oregon,Total,56
2011,104179,University of Arizona,Arizona,Minnesota,Total,38
2011,104179,University of Arizona,Arizona,South Carolina,Total,4
2011,104179,University of Arizona,Arizona,Oklahoma,Total,9
2011,104179,University of Arizona,Arizona,Alabama,Total,1
2011,104179,University of Arizona,Arizona,Vermont,Total,2
2011,104179,University of Arizona,Arizona,North Carolina,Total,11
2011,104179,University of Arizona,Arizona,US total,Total,7093
2011,104179,University of Arizona,Arizona,State unknown,Total,75
2011,104179,University of Arizona,Arizona,West Virginia,Total,1
2011,104179,University of Arizona,Arizona,Pennsylvania,Total,55
2011,104179,University of Arizona,Arizona,Ohio,Total,39
2011,104179,University of Arizona,Arizona,Nebraska,Total,10
2011,104179,University of Arizona,Arizona,Missouri,Total,26
2011,104179,University of Arizona,Arizona,Arizona,Total,4430
2011,104179,University of Arizona,Arizona,Indiana,Total,15
2011,104179,University of Arizona,Arizona,Iowa,Total,23
2011,104179,University of Arizona,Arizona,Kentucky,Total,1
2011,104179,University of Arizona,Arizona,Michigan,Total,17
2010,104179,University of Arizona,Arizona,Alabama,Total,1
2010,104179,University of Arizona,Arizona,Outlying areas total,Total,4
2010,104179,University of Arizona,Arizona,Delaware,Total,3
2010,104179,University of Arizona,Arizona,New Jersey,Total,73
2010,104179,University of Arizona,Arizona,Louisiana,Total,5
2010,104179,University of Arizona,Arizona,District of Columbia,Total,6
2010,104179,University of Arizona,Arizona,Washington,Total,114
2010,104179,University of Arizona,Arizona,Iowa,Total,22
2010,104179,University of Arizona,Arizona,Montana,Total,6
2010,104179,University of Arizona,Arizona,New York,Total,74
2010,104179,University of Arizona,Arizona,Vermont,Total,2
2010,104179,University of Arizona,Arizona,Maryland,Total,31
2010,104179,University of Arizona,Arizona,Nebraska,Total,6
2010,104179,University of Arizona,Arizona,New Hampshire,Total,12
2010,104179,University of Arizona,Arizona,Virginia,Total,25
2010,104179,University of Arizona,Arizona,Missouri,Total,26
2010,104179,University of Arizona,Arizona,Oregon,Total,53
2010,104179,University of Arizona,Arizona,New Mexico,Total,44
2010,104179,University of Arizona,Arizona,Indiana,Total,5
2010,104179,University of Arizona,Arizona,Ohio,Total,26
2010,104179,University of Arizona,Arizona,Guam,Total,1
2010,104179,University of Arizona,Arizona,Alaska,Total,10
2010,104179,University of Arizona,Arizona,Foreign countries,Total,10
2010,104179,University of Arizona,Arizona,Idaho,Total,13
2010,104179,University of Arizona,Arizona,Kentucky,Total,4
2010,104179,University of Arizona,Arizona,Hawaii,Total,7
2010,104179,University of Arizona,Arizona,Maine,Total,3
2010,104179,University of Arizona,Arizona,US total,Total,7011
2010,104179,University of Arizona,Arizona,Florida,Total,22
2010,104179,University of Arizona,Arizona,Utah,Total,10
2010,104179,University of Arizona,Arizona,Michigan,Total,22
2010,104179,University of Arizona,Arizona,California,Total,987
2010,104179,University of Arizona,Arizona,Colorado,Total,96
2010,104179,University of Arizona,Arizona,Minnesota,Total,44
2010,104179,University of Arizona,Arizona,Arizona,Total,4366
2010,104179,University of Arizona,Arizona,State unknown,Total,342
2010,104179,University of Arizona,Arizona,Total,Total,7025
2010,104179,University of Arizona,Arizona,Puerto Rico,Total,3
2010,104179,University of Arizona,Arizona,Pennsylvania,Total,49
2010,104179,University of Arizona,Arizona,North Dakota,Total,5
2010,104179,University of Arizona,Arizona,Wisconsin,Total,40
2010,104179,University of Arizona,Arizona,Georgia,Total,12
2010,104179,University of Arizona,Arizona,Connecticut,Total,33
2010,104179,University of Arizona,Arizona,Oklahoma,Total,5
2010,104179,University of Arizona,Arizona,Massachusetts,Total,56
2010,104179,University of Arizona,Arizona,Kansas,Total,11
2010,104179,University of Arizona,Arizona,South Dakota,Total,4
2010,104179,University of Arizona,Arizona,Tennessee,Total,9
2010,104179,University of Arizona,Arizona,North Carolina,Total,4
2010,104179,University of Arizona,Arizona,Texas,Total,102
2010,104179,University of Arizona,Arizona,Nevada,Total,55
2010,104179,University of Arizona,Arizona,Wyoming,Total,3
2010,104179,University of Arizona,Arizona,Rhode Island,Total,2
2010,104179,University of Arizona,Arizona,Arkansas,Total,2
2010,104179,University of Arizona,Arizona,Illinois,Total,159
2010,166027,Harvard University,Massachusetts,Missouri,Total,16
2010,166027,Harvard University,Massachusetts,Michigan,Total,26
2010,166027,Harvard University,Massachusetts,Pennsylvania,Total,48
2010,166027,Harvard University,Massachusetts,Florida,Total,40
2010,166027,Harvard University,Massachusetts,Louisiana,Total,10
2010,166027,Harvard University,Massachusetts,Texas,Total,81
2010,166027,Harvard University,Massachusetts,Utah,Total,7
2010,166027,Harvard University,Massachusetts,North Dakota,Total,1
2010,166027,Harvard University,Massachusetts,Mississippi,Total,3
2010,166027,Harvard University,Massachusetts,Kansas,Total,7
2010,166027,Harvard University,Massachusetts,Residence not reported (balance line),Total,3
2010,166027,Harvard University,Massachusetts,New Jersey,Total,86
2010,166027,Harvard University,Massachusetts,Ohio,Total,36
2010,166027,Harvard University,Massachusetts,Georgia,Total,39
2010,166027,Harvard University,Massachusetts,US total,Total,1506
2010,166027,Harvard University,Massachusetts,Hawaii,Total,9
2010,166027,Harvard University,Massachusetts,Rhode Island,Total,8
2010,166027,Harvard University,Massachusetts,Foreign countries,Total,161
2010,166027,Harvard University,Massachusetts,Arizona,Total,13
2010,166027,Harvard University,Massachusetts,California,Total,236
2010,166027,Harvard University,Massachusetts,Virginia,Total,24
2010,166027,Harvard University,Massachusetts,Oklahoma,Total,9
2010,166027,Harvard University,Massachusetts,Tennessee,Total,16
2010,166027,Harvard University,Massachusetts,Indiana,Total,11
2010,166027,Harvard University,Massachusetts,New Hampshire,Total,14
2010,166027,Harvard University,Massachusetts,Illinois,Total,39
2010,166027,Harvard University,Massachusetts,Maine,Total,8
2010,166027,Harvard University,Massachusetts,Maryland,Total,32
2010,166027,Harvard University,Massachusetts,Alabama,Total,8
2010,166027,Harvard University,Massachusetts,Iowa,Total,2
2010,166027,Harvard University,Massachusetts,Vermont,Total,9
2010,166027,Harvard University,Massachusetts,New York,Total,202
2010,166027,Harvard University,Massachusetts,Total,Total,1670
2010,166027,Harvard University,Massachusetts,Alaska,Total,2
2010,166027,Harvard University,Massachusetts,Idaho,Total,5
2010,166027,Harvard University,Massachusetts,Nevada,Total,6
2010,166027,Harvard University,Massachusetts,Nebraska,Total,1
2010,166027,Harvard University,Massachusetts,Oregon,Total,14
2010,166027,Harvard University,Massachusetts,Washington,Total,12
2010,166027,Harvard University,Massachusetts,Montana,Total,3
2010,166027,Harvard University,Massachusetts,Delaware,Total,2
2010,166027,Harvard University,Massachusetts,Colorado,Total,19
2010,166027,Harvard University,Massachusetts,Massachusetts,Total,219
2010,166027,Harvard University,Massachusetts,Connecticut,Total,42
2010,166027,Harvard University,Massachusetts,State unknown,Total,36
2010,166027,Harvard University,Massachusetts,West Virginia,Total,2
2010,166027,Harvard University,Massachusetts,South Dakota,Total,1
2010,166027,Harvard University,Massachusetts,South Carolina,Total,9
2010,166027,Harvard University,Massachusetts,Arkansas,Total,2
2010,166027,Harvard University,Massachusetts,Kentucky,Total,10
2010,166027,Harvard University,Massachusetts,Wisconsin,Total,13
2010,166027,Harvard University,Massachusetts,North Carolina,Total,22
2010,166027,Harvard University,Massachusetts,District of Columbia,Total,5
2010,166027,Harvard University,Massachusetts,New Mexico,Total,7
2010,166027,Harvard University,Massachusetts,Minnesota,Total,34
2008,104179,University of Arizona,Arizona,Mississippi,Total,2
2008,104179,University of Arizona,Arizona,Connecticut,Total,38
2008,104179,University of Arizona,Arizona,Texas,Total,131
2008,104179,University of Arizona,Arizona,US total,Total,6620
2008,104179,University of Arizona,Arizona,Nebraska,Total,8
2008,104179,University of Arizona,Arizona,Ohio,Total,48
2008,104179,University of Arizona,Arizona,Hawaii,Total,7
2008,104179,University of Arizona,Arizona,California,Total,1075
2008,104179,University of Arizona,Arizona,Total,Total,6709
2008,104179,University of Arizona,Arizona,Florida,Total,20
2008,104179,University of Arizona,Arizona,Missouri,Total,19
2008,104179,University of Arizona,Arizona,Alaska,Total,13
2008,104179,University of Arizona,Arizona,Kansas,Total,13
2008,104179,University of Arizona,Arizona,Vermont,Total,5
2008,104179,University of Arizona,Arizona,Nevada,Total,74
2008,104179,University of Arizona,Arizona,West Virginia,Total,2
2008,104179,University of Arizona,Arizona,Massachusetts,Total,42
2008,104179,University of Arizona,Arizona,Wisconsin,Total,21
2008,104179,University of Arizona,Arizona,Oklahoma,Total,7
2008,104179,University of Arizona,Arizona,Alabama,Total,3
2008,104179,University of Arizona,Arizona,Oregon,Total,47
2008,104179,University of Arizona,Arizona,Idaho,Total,6
2008,104179,University of Arizona,Arizona,Arizona,Total,4050
2008,104179,University of Arizona,Arizona,Utah,Total,13
2008,104179,University of Arizona,Arizona,Pennsylvania,Total,65
2008,104179,University of Arizona,Arizona,South Carolina,Total,2
2008,104179,University of Arizona,Arizona,Rhode Island,Total,3
2008,104179,University of Arizona,Arizona,Maryland,Total,30
2008,104179,University of Arizona,Arizona,Louisiana,Total,3
2008,104179,University of Arizona,Arizona,Arkansas,Total,2
2008,104179,University of Arizona,Arizona,North Dakota,Total,1
2008,104179,University of Arizona,Arizona,Colorado,Total,106
2008,104179,University of Arizona,Arizona,North Carolina,Total,6
2008,104179,University of Arizona,Arizona,Tennessee,Total,9
2008,104179,University of Arizona,Arizona,New Jersey,Total,97
2008,104179,University of Arizona,Arizona,Wyoming,Total,4
2008,104179,University of Arizona,Arizona,Virginia,Total,20
2008,104179,University of Arizona,Arizona,New Hampshire,Total,12
2008,104179,University of Arizona,Arizona,Delaware,Total,1
2008,104179,University of Arizona,Arizona,Montana,Total,5
2008,104179,University of Arizona,Arizona,Minnesota,Total,45
2008,104179,University of Arizona,Arizona,South Dakota,Total,5
2008,104179,University of Arizona,Arizona,Outlying areas total,Total,1
2008,104179,University of Arizona,Arizona,New York,Total,124
2008,104179,University of Arizona,Arizona,Indiana,Total,15
2008,104179,University of Arizona,Arizona,New Mexico,Total,37
2008,104179,University of Arizona,Arizona,Maine,Total,7
2008,104179,University of Arizona,Arizona,Foreign countries,Total,88
2008,104179,University of Arizona,Arizona,Iowa,Total,12
2008,104179,University of Arizona,Arizona,Michigan,Total,35
2008,104179,University of Arizona,Arizona,Washington,Total,115
2008,104179,University of Arizona,Arizona,Georgia,Total,12
2008,104179,University of Arizona,Arizona,American Samoa,Total,1
2008,104179,University of Arizona,Arizona,Kentucky,Total,6
2008,104179,University of Arizona,Arizona,Illinois,Total,182
2008,104179,University of Arizona,Arizona,District of Columbia,Total,15
2008,166027,Harvard University,Massachusetts,Rhode Island,Total,9
2008,166027,Harvard University,Massachusetts,North Carolina,Total,11
2008,166027,Harvard University,Massachusetts,Delaware,Total,2
2008,166027,Harvard University,Massachusetts,Arizona,Total,18
2008,166027,Harvard University,Massachusetts,Pennsylvania,Total,51
2008,166027,Harvard University,Massachusetts,Florida,Total,56
2008,166027,Harvard University,Massachusetts,Oregon,Total,6
2008,166027,Harvard University,Massachusetts,Ohio,Total,34
2008,166027,Harvard University,Massachusetts,California,Total,227
2008,166027,Harvard University,Massachusetts,Minnesota,Total,20
2008,166027,Harvard University,Massachusetts,Idaho,Total,2
2008,166027,Harvard University,Massachusetts,Total,Total,1666
2008,166027,Harvard University,Massachusetts,Texas,Total,65
2008,166027,Harvard University,Massachusetts,Indiana,Total,10
2008,166027,Harvard University,Massachusetts,New York,Total,225
2008,166027,Harvard University,Massachusetts,Washington,Total,24
2008,166027,Harvard University,Massachusetts,US total,Total,1488
2008,166027,Harvard University,Massachusetts,Arkansas,Total,3
2008,166027,Harvard University,Massachusetts,Vermont,Total,5
2008,166027,Harvard University,Massachusetts,Wyoming,Total,1
2008,166027,Harvard University,Massachusetts,West Virginia,Total,3
2008,166027,Harvard University,Massachusetts,Connecticut,Total,33
2008,166027,Harvard University,Massachusetts,New Hampshire,Total,15
2008,166027,Harvard University,Massachusetts,Virgin Islands,Total,1
2008,166027,Harvard University,Massachusetts,Tennessee,Total,12
2008,166027,Harvard University,Massachusetts,Foreign countries,Total,174
2008,166027,Harvard University,Massachusetts,Utah,Total,5
2008,166027,Harvard University,Massachusetts,Missouri,Total,9
2008,166027,Harvard University,Massachusetts,South Dakota,Total,2
2008,166027,Harvard University,Massachusetts,Nebraska,Total,4
2008,166027,Harvard University,Massachusetts,Colorado,Total,9
2008,166027,Harvard University,Massachusetts,Outlying areas total,Total,4
2008,166027,Harvard University,Massachusetts,Louisiana,Total,3
2008,166027,Harvard University,Massachusetts,Montana,Total,1
2008,166027,Harvard University,Massachusetts,Nevada,Total,6
2008,166027,Harvard University,Massachusetts,New Mexico,Total,6
2008,166027,Harvard University,Massachusetts,Hawaii,Total,9
2008,166027,Harvard University,Massachusetts,Alaska,Total,3
2008,166027,Harvard University,Massachusetts,Alabama,Total,6
2008,166027,Harvard University,Massachusetts,Kansas,Total,5
2008,166027,Harvard University,Massachusetts,North Dakota,Total,1
2008,166027,Harvard University,Massachusetts,District of Columbia,Total,10
2008,166027,Harvard University,Massachusetts,South Carolina,Total,8
2008,166027,Harvard University,Massachusetts,New Jersey,Total,73
2008,166027,Harvard University,Massachusetts,Puerto Rico,Total,3
2008,166027,Harvard University,Massachusetts,Illinois,Total,55
2008,166027,Harvard University,Massachusetts,Maine,Total,11
2008,166027,Harvard University,Massachusetts,Kentucky,Total,8
2008,166027,Harvard University,Massachusetts,Wisconsin,Total,12
2008,166027,Harvard University,Massachusetts,State unknown,Total,31
2008,166027,Harvard University,Massachusetts,Virginia,Total,33
2008,166027,Harvard University,Massachusetts,Oklahoma,Total,7
2008,166027,Harvard University,Massachusetts,Massachusetts,Total,222
2008,166027,Harvard University,Massachusetts,Maryland,Total,49
2008,166027,Harvard University,Massachusetts,Michigan,Total,26
2008,166027,Harvard University,Massachusetts,Mississippi,Total,4
2008,166027,Harvard University,Massachusetts,Georgia,Total,34
2008,166027,Harvard University,Massachusetts,Iowa,Total,4
2007,104179,University of Arizona,Arizona,Total,Total,6569
2007,104179,University of Arizona,Arizona,Residence not reported (balance line),Total,6569
2007,166027,Harvard University,Massachusetts,Total,Total,1668
2007,166027,Harvard University,Massachusetts,Residence not reported (balance line),Total,1668
2006,104179,University of Arizona,Arizona,New Jersey,Total,65
2006,104179,University of Arizona,Arizona,Total,Total,6009
2006,104179,University of Arizona,Arizona,Connecticut,Total,36
2006,104179,University of Arizona,Arizona,North Carolina,Total,3
2006,104179,University of Arizona,Arizona,Oregon,Total,44
2006,104179,University of Arizona,Arizona,Pennsylvania,Total,32
2006,104179,University of Arizona,Arizona,Michigan,Total,30
2006,104179,University of Arizona,Arizona,Vermont,Total,5
2006,104179,University of Arizona,Arizona,Hawaii,Total,14
2006,104179,University of Arizona,Arizona,Iowa,Total,4
2006,104179,University of Arizona,Arizona,Arizona,Total,3759
2006,104179,University of Arizona,Arizona,Nevada,Total,50
2006,104179,University of Arizona,Arizona,Kansas,Total,27
2006,104179,University of Arizona,Arizona,New Hampshire,Total,7
2006,104179,University of Arizona,Arizona,Montana,Total,5
2006,104179,University of Arizona,Arizona,Georgia,Total,20
2006,104179,University of Arizona,Arizona,Louisiana,Total,4
2006,104179,University of Arizona,Arizona,State unknown,Total,11
2006,104179,University of Arizona,Arizona,South Carolina,Total,1
2006,104179,University of Arizona,Arizona,Wisconsin,Total,14
2006,104179,University of Arizona,Arizona,Maine,Total,2
2006,104179,University of Arizona,Arizona,Rhode Island,Total,4
2006,104179,University of Arizona,Arizona,Alaska,Total,11
2006,104179,University of Arizona,Arizona,Oklahoma,Total,6
2006,104179,University of Arizona,Arizona,West Virginia,Total,1
2006,104179,University of Arizona,Arizona,North Dakota,Total,2
2006,104179,University of Arizona,Arizona,Utah,Total,10
2006,104179,University of Arizona,Arizona,US total,Total,5892
2006,104179,University of Arizona,Arizona,Outlying areas total,Total,2
2006,104179,University of Arizona,Arizona,Virginia,Total,22
2006,104179,University of Arizona,Arizona,Idaho,Total,15
2006,104179,University of Arizona,Arizona,Tennessee,Total,7
2006,104179,University of Arizona,Arizona,Delaware,Total,1
2006,104179,University of Arizona,Arizona,Indiana,Total,10
2006,104179,University of Arizona,Arizona,Kentucky,Total,3
2006,104179,University of Arizona,Arizona,Florida,Total,12
2006,104179,University of Arizona,Arizona,Arkansas,Total,3
2006,104179,University of Arizona,Arizona,Guam,Total,1
2006,104179,University of Arizona,Arizona,Ohio,Total,45
2006,104179,University of Arizona,Arizona,Washington,Total,103
2006,104179,University of Arizona,Arizona,Mississippi,Total,1
2006,104179,University of Arizona,Arizona,Wyoming,Total,5
2006,104179,University of Arizona,Arizona,California,Total,876
2006,104179,University of Arizona,Arizona,Minnesota,Total,38
2006,104179,University of Arizona,Arizona,New Mexico,Total,53
2006,104179,University of Arizona,Arizona,Colorado,Total,87
2006,104179,University of Arizona,Arizona,Alabama,Total,1
2006,104179,University of Arizona,Arizona,Massachusetts,Total,43
2006,104179,University of Arizona,Arizona,South Dakota,Total,4
2006,104179,University of Arizona,Arizona,New York,Total,89
2006,104179,University of Arizona,Arizona,Maryland,Total,23
2006,104179,University of Arizona,Arizona,Missouri,Total,19
2006,104179,University of Arizona,Arizona,Illinois,Total,128
2006,104179,University of Arizona,Arizona,Nebraska,Total,7
2006,104179,University of Arizona,Arizona,Northern Marianas,Total,1
2006,104179,University of Arizona,Arizona,Foreign countries,Total,115
2006,104179,University of Arizona,Arizona,Texas,Total,130
2006,166027,Harvard University,Massachusetts,Nebraska,Total,2
2006,166027,Harvard University,Massachusetts,California,Total,258
2006,166027,Harvard University,Massachusetts,Kansas,Total,3
2006,166027,Harvard University,Massachusetts,Connecticut,Total,39
2006,166027,Harvard University,Massachusetts,Michigan,Total,35
2006,166027,Harvard University,Massachusetts,New York,Total,237
2006,166027,Harvard University,Massachusetts,Arkansas,Total,6
2006,166027,Harvard University,Massachusetts,Alabama,Total,6
2006,166027,Harvard University,Massachusetts,Arizona,Total,11
2006,166027,Harvard University,Massachusetts,Tennessee,Total,20
2006,166027,Harvard University,Massachusetts,Pennsylvania,Total,49
2006,166027,Harvard University,Massachusetts,US total,Total,1526
2006,166027,Harvard University,Massachusetts,Indiana,Total,8
2006,166027,Harvard University,Massachusetts,Mississippi,Total,1
2006,166027,Harvard University,Massachusetts,Massachusetts,Total,219
2006,166027,Harvard University,Massachusetts,Alaska,Total,3
2006,166027,Harvard University,Massachusetts,Utah,Total,6
2006,166027,Harvard University,Massachusetts,District of Columbia,Total,8
2006,166027,Harvard University,Massachusetts,Colorado,Total,13
2006,166027,Harvard University,Massachusetts,Georgia,Total,21
2006,166027,Harvard University,Massachusetts,Minnesota,Total,20
2006,166027,Harvard University,Massachusetts,New Hampshire,Total,4
2006,166027,Harvard University,Massachusetts,Vermont,Total,6
2006,166027,Harvard University,Massachusetts,Montana,Total,3
2006,166027,Harvard University,Massachusetts,Kentucky,Total,7
2006,166027,Harvard University,Massachusetts,Oregon,Total,7
2006,166027,Harvard University,Massachusetts,Washington,Total,19
2006,166027,Harvard University,Massachusetts,Delaware,Total,4
2006,166027,Harvard University,Massachusetts,Florida,Total,50
2006,166027,Harvard University,Massachusetts,New Mexico,Total,6
2006,166027,Harvard University,Massachusetts,Rhode Island,Total,5
2006,166027,Harvard University,Massachusetts,South Dakota,Total,3
2006,166027,Harvard University,Massachusetts,Texas,Total,79
2006,166027,Harvard University,Massachusetts,Idaho,Total,3
2006,166027,Harvard University,Massachusetts,North Carolina,Total,23
2006,166027,Harvard University,Massachusetts,Hawaii,Total,9
2006,166027,Harvard University,Massachusetts,South Carolina,Total,5
2006,166027,Harvard University,Massachusetts,State unknown,Total,32
2006,166027,Harvard University,Massachusetts,Iowa,Total,5
2006,166027,Harvard University,Massachusetts,New Jersey,Total,75
2006,166027,Harvard University,Massachusetts,Ohio,Total,34
2006,166027,Harvard University,Massachusetts,Total,Total,1686
2006,166027,Harvard University,Massachusetts,Nevada,Total,5
2006,166027,Harvard University,Massachusetts,Maryland,Total,41
2006,166027,Harvard University,Massachusetts,Maine,Total,12
2006,166027,Harvard University,Massachusetts,Oklahoma,Total,5
2006,166027,Harvard University,Massachusetts,Illinois,Total,53
2006,166027,Harvard University,Massachusetts,Puerto Rico,Total,6
2006,166027,Harvard University,Massachusetts,Outlying areas total,Total,6
2006,166027,Harvard University,Massachusetts,Missouri,Total,14
2006,166027,Harvard University,Massachusetts,Virginia,Total,32
2006,166027,Harvard University,Massachusetts,Wisconsin,Total,11
2006,166027,Harvard University,Massachusetts,Louisiana,Total,5
2006,166027,Harvard University,Massachusetts,Foreign countries,Total,154
2006,166027,Harvard University,Massachusetts,West Virginia,Total,4
2005,104179,University of Arizona,Arizona,Total,Total,5952
2005,104179,University of Arizona,Arizona,Residence not reported (balance line),Total,5952
2005,166027,Harvard University,Massachusetts,Residence not reported (balance line),Total,1648
2005,166027,Harvard University,Massachusetts,Total,Total,1648
2004,104179,UNIVERSITY OF ARIZONA,Arizona,New York,Total,54
2004,104179,UNIVERSITY OF ARIZONA,Arizona,Tennessee,Total,8
2004,104179,UNIVERSITY OF ARIZONA,Arizona,Oklahoma,Total,6
2004,104179,UNIVERSITY OF ARIZONA,Arizona,Alabama,Total,1
2004,104179,UNIVERSITY OF ARIZONA,Arizona,Nebraska,Total,12
2004,104179,UNIVERSITY OF ARIZONA,Arizona,North Carolina,Total,6
2004,104179,UNIVERSITY OF ARIZONA,Arizona,New Hampshire,Total,8
2004,104179,UNIVERSITY OF ARIZONA,Arizona,Virginia,Total,22
2004,104179,UNIVERSITY OF ARIZONA,Arizona,Wyoming,Total,6
2004,104179,UNIVERSITY OF ARIZONA,Arizona,Oregon,Total,38
2004,104179,UNIVERSITY OF ARIZONA,Arizona,South Dakota,Total,4
2004,104179,UNIVERSITY OF ARIZONA,Arizona,Louisiana,Total,6
2004,104179,UNIVERSITY OF ARIZONA,Arizona,Pennsylvania,Total,34
2004,104179,UNIVERSITY OF ARIZONA,Arizona,Missouri,Total,10
2004,104179,UNIVERSITY OF ARIZONA,Arizona,Texas,Total,98
2004,104179,UNIVERSITY OF ARIZONA,Arizona,Kentucky,Total,3
2004,104179,UNIVERSITY OF ARIZONA,Arizona,Wisconsin,Total,19
2004,104179,UNIVERSITY OF ARIZONA,Arizona,Georgia,Total,24
2004,104179,UNIVERSITY OF ARIZONA,Arizona,South Carolina,Total,4
2004,104179,UNIVERSITY OF ARIZONA,Arizona,Nevada,Total,43
2004,104179,UNIVERSITY OF ARIZONA,Arizona,State unknown,Total,23
2004,104179,UNIVERSITY OF ARIZONA,Arizona,Foreign countries,Total,48
2004,104179,UNIVERSITY OF ARIZONA,Arizona,Colorado,Total,74
2004,104179,UNIVERSITY OF ARIZONA,Arizona,Minnesota,Total,44
2004,104179,UNIVERSITY OF ARIZONA,Arizona,District of Columbia,Total,4
2004,104179,UNIVERSITY OF ARIZONA,Arizona,California,Total,709
2004,104179,UNIVERSITY OF ARIZONA,Arizona,North Dakota,Total,4
2004,104179,UNIVERSITY OF ARIZONA,Arizona,Iowa,Total,6
2004,104179,UNIVERSITY OF ARIZONA,Arizona,Hawaii,Total,14
2004,104179,UNIVERSITY OF ARIZONA,Arizona,Montana,Total,4
2004,104179,UNIVERSITY OF ARIZONA,Arizona,Florida,Total,20
2004,104179,UNIVERSITY OF ARIZONA,Arizona,Maryland,Total,33
2004,104179,UNIVERSITY OF ARIZONA,Arizona,Arkansas,Total,1
2004,104179,UNIVERSITY OF ARIZONA,Arizona,US total,Total,5677
2004,104179,UNIVERSITY OF ARIZONA,Arizona,Michigan,Total,27
2004,104179,UNIVERSITY OF ARIZONA,Arizona,Mississippi,Total,2
2004,104179,UNIVERSITY OF ARIZONA,Arizona,Kansas,Total,12
2004,104179,UNIVERSITY OF ARIZONA,Arizona,New Mexico,Total,61
2004,104179,UNIVERSITY OF ARIZONA,Arizona,Arizona,Total,3863
2004,104179,UNIVERSITY OF ARIZONA,Arizona,Massachusetts,Total,38
2004,104179,UNIVERSITY OF ARIZONA,Arizona,Vermont,Total,3
2004,104179,UNIVERSITY OF ARIZONA,Arizona,Washington,Total,85
2004,104179,UNIVERSITY OF ARIZONA,Arizona,New Jersey,Total,35
2004,104179,UNIVERSITY OF ARIZONA,Arizona,Ohio,Total,25
2004,104179,UNIVERSITY OF ARIZONA,Arizona,Total,Total,5725
2004,104179,UNIVERSITY OF ARIZONA,Arizona,Illinois,Total,118
2004,104179,UNIVERSITY OF ARIZONA,Arizona,Connecticut,Total,14
2004,104179,UNIVERSITY OF ARIZONA,Arizona,Maine,Total,1
2004,104179,UNIVERSITY OF ARIZONA,Arizona,Alaska,Total,6
2004,104179,UNIVERSITY OF ARIZONA,Arizona,Delaware,Total,2
2004,104179,UNIVERSITY OF ARIZONA,Arizona,Utah,Total,18
2004,104179,UNIVERSITY OF ARIZONA,Arizona,Indiana,Total,13
2004,104179,UNIVERSITY OF ARIZONA,Arizona,Idaho,Total,12
2004,166027,HARVARD UNIVERSITY,Massachusetts,South Dakota,Total,5
2004,166027,HARVARD UNIVERSITY,Massachusetts,Missouri,Total,13
2004,166027,HARVARD UNIVERSITY,Massachusetts,Puerto Rico,Total,8
2004,166027,HARVARD UNIVERSITY,Massachusetts,Minnesota,Total,25
2004,166027,HARVARD UNIVERSITY,Massachusetts,Nevada,Total,4
2004,166027,HARVARD UNIVERSITY,Massachusetts,Maine,Total,11
2004,166027,HARVARD UNIVERSITY,Massachusetts,North Carolina,Total,16
2004,166027,HARVARD UNIVERSITY,Massachusetts,New Mexico,Total,2
2004,166027,HARVARD UNIVERSITY,Massachusetts,New York,Total,221
2004,166027,HARVARD UNIVERSITY,Massachusetts,California,Total,205
2004,166027,HARVARD UNIVERSITY,Massachusetts,Illinois,Total,51
2004,166027,HARVARD UNIVERSITY,Massachusetts,Montana,Total,7
2004,166027,HARVARD UNIVERSITY,Massachusetts,Virgin Islands,Total,1
2004,166027,HARVARD UNIVERSITY,Massachusetts,US total,Total,1477
2004,166027,HARVARD UNIVERSITY,Massachusetts,Nebraska,Total,2
2004,166027,HARVARD UNIVERSITY,Massachusetts,Outlying areas total,Total,9
2004,166027,HARVARD UNIVERSITY,Massachusetts,Oregon,Total,8
2004,166027,HARVARD UNIVERSITY,Massachusetts,Massachusetts,Total,208
2004,166027,HARVARD UNIVERSITY,Massachusetts,Total,Total,1639
2004,166027,HARVARD UNIVERSITY,Massachusetts,Ohio,Total,36
2004,166027,HARVARD UNIVERSITY,Massachusetts,Hawaii,Total,8
2004,166027,HARVARD UNIVERSITY,Massachusetts,Rhode Island,Total,7
2004,166027,HARVARD UNIVERSITY,Massachusetts,State unknown,Total,27
2004,166027,HARVARD UNIVERSITY,Massachusetts,Alabama,Total,5
2004,166027,HARVARD UNIVERSITY,Massachusetts,Arizona,Total,7
2004,166027,HARVARD UNIVERSITY,Massachusetts,Iowa,Total,8
2004,166027,HARVARD UNIVERSITY,Massachusetts,Oklahoma,Total,9
2004,166027,HARVARD UNIVERSITY,Massachusetts,North Dakota,Total,2
2004,166027,HARVARD UNIVERSITY,Massachusetts,Kentucky,Total,3
2004,166027,HARVARD UNIVERSITY,Massachusetts,Maryland,Total,40
2004,166027,HARVARD UNIVERSITY,Massachusetts,District of Columbia,Total,8
2004,166027,HARVARD UNIVERSITY,Massachusetts,Foreign countries,Total,153
2004,166027,HARVARD UNIVERSITY,Massachusetts,New Jersey,Total,100
2004,166027,HARVARD UNIVERSITY,Massachusetts,Texas,Total,80
2004,166027,HARVARD UNIVERSITY,Massachusetts,Idaho,Total,1
2004,166027,HARVARD UNIVERSITY,Massachusetts,Washington,Total,16
2004,166027,HARVARD UNIVERSITY,Massachusetts,Louisiana,Total,2
2004,166027,HARVARD UNIVERSITY,Massachusetts,Arkansas,Total,1
2004,166027,HARVARD UNIVERSITY,Massachusetts,Vermont,Total,6
2004,166027,HARVARD UNIVERSITY,Massachusetts,Florida,Total,72
2004,166027,HARVARD UNIVERSITY,Massachusetts,Alaska,Total,1
2004,166027,HARVARD UNIVERSITY,Massachusetts,Virginia,Total,37
2004,166027,HARVARD UNIVERSITY,Massachusetts,Kansas,Total,6
2004,166027,HARVARD UNIVERSITY,Massachusetts,West Virginia,Total,3
2004,166027,HARVARD UNIVERSITY,Massachusetts,Indiana,Total,8
2004,166027,HARVARD UNIVERSITY,Massachusetts,Colorado,Total,17
2004,166027,HARVARD UNIVERSITY,Massachusetts,New Hampshire,Total,9
2004,166027,HARVARD UNIVERSITY,Massachusetts,Wisconsin,Total,15
2004,166027,HARVARD UNIVERSITY,Massachusetts,Utah,Total,4
2004,166027,HARVARD UNIVERSITY,Massachusetts,Mississippi,Total,1
2004,166027,HARVARD UNIVERSITY,Massachusetts,Delaware,Total,4
2004,166027,HARVARD UNIVERSITY,Massachusetts,Wyoming,Total,2
2004,166027,HARVARD UNIVERSITY,Massachusetts,Connecticut,Total,43
2004,166027,HARVARD UNIVERSITY,Massachusetts,South Carolina,Total,4
2004,166027,HARVARD UNIVERSITY,Massachusetts,Pennsylvania,Total,55
2004,166027,HARVARD UNIVERSITY,Massachusetts,Georgia,Total,19
2004,166027,HARVARD UNIVERSITY,Massachusetts,Tennessee,Total,9
2004,166027,HARVARD UNIVERSITY,Massachusetts,Michigan,Total,24
2003,104179,UNIVERSITY OF ARIZONA,Arizona,New Jersey,Total,45
2003,104179,UNIVERSITY OF ARIZONA,Arizona,Delaware,Total,1
2003,104179,UNIVERSITY OF ARIZONA,Arizona,State unknown,Total,66
2003,104179,UNIVERSITY OF ARIZONA,Arizona,West Virginia,Total,1
2003,104179,UNIVERSITY OF ARIZONA,Arizona,Foreign countries,Total,45
2003,104179,UNIVERSITY OF ARIZONA,Arizona,Arizona,Total,4017
2003,104179,UNIVERSITY OF ARIZONA,Arizona,Oregon,Total,50
2003,104179,UNIVERSITY OF ARIZONA,Arizona,Indiana,Total,11
2003,104179,UNIVERSITY OF ARIZONA,Arizona,Colorado,Total,72
2003,104179,UNIVERSITY OF ARIZONA,Arizona,Florida,Total,15
2003,104179,UNIVERSITY OF ARIZONA,Arizona,Alaska,Total,3
2003,104179,UNIVERSITY OF ARIZONA,Arizona,Utah,Total,12
2003,104179,UNIVERSITY OF ARIZONA,Arizona,Missouri,Total,13
2003,104179,UNIVERSITY OF ARIZONA,Arizona,Nevada,Total,37
2003,104179,UNIVERSITY OF ARIZONA,Arizona,Connecticut,Total,18
2003,104179,UNIVERSITY OF ARIZONA,Arizona,District of Columbia,Total,2
2003,104179,UNIVERSITY OF ARIZONA,Arizona,Maryland,Total,24
2003,104179,UNIVERSITY OF ARIZONA,Arizona,Tennessee,Total,11
2003,104179,UNIVERSITY OF ARIZONA,Arizona,Nebraska,Total,5
2003,104179,UNIVERSITY OF ARIZONA,Arizona,New Hampshire,Total,3
2003,104179,UNIVERSITY OF ARIZONA,Arizona,Montana,Total,4
2003,104179,UNIVERSITY OF ARIZONA,Arizona,Kansas,Total,19
2003,104179,UNIVERSITY OF ARIZONA,Arizona,California,Total,745
2003,104179,UNIVERSITY OF ARIZONA,Arizona,Hawaii,Total,9
2003,104179,UNIVERSITY OF ARIZONA,Arizona,South Carolina,Total,1
2003,104179,UNIVERSITY OF ARIZONA,Arizona,South Dakota,Total,3
2003,104179,UNIVERSITY OF ARIZONA,Arizona,Maine,Total,3
2003,104179,UNIVERSITY OF ARIZONA,Arizona,Rhode Island,Total,3
2003,104179,UNIVERSITY OF ARIZONA,Arizona,Massachusetts,Total,24
2003,104179,UNIVERSITY OF ARIZONA,Arizona,Alabama,Total,4
2003,104179,UNIVERSITY OF ARIZONA,Arizona,Texas,Total,129
2003,104179,UNIVERSITY OF ARIZONA,Arizona,Michigan,Total,32
2003,104179,UNIVERSITY OF ARIZONA,Arizona,New Mexico,Total,53
2003,104179,UNIVERSITY OF ARIZONA,Arizona,Wisconsin,Total,30
2003,104179,UNIVERSITY OF ARIZONA,Arizona,New York,Total,57
2003,104179,UNIVERSITY OF ARIZONA,Arizona,US total,Total,5910
2003,104179,UNIVERSITY OF ARIZONA,Arizona,Guam,Total,2
2003,104179,UNIVERSITY OF ARIZONA,Arizona,Oklahoma,Total,5
2003,104179,UNIVERSITY OF ARIZONA,Arizona,North Carolina,Total,8
2003,104179,UNIVERSITY OF ARIZONA,Arizona,Vermont,Total,4
2003,104179,UNIVERSITY OF ARIZONA,Arizona,Idaho,Total,7
2003,104179,UNIVERSITY OF ARIZONA,Arizona,Total,Total,5958
2003,104179,UNIVERSITY OF ARIZONA,Arizona,Ohio,Total,38
2003,104179,UNIVERSITY OF ARIZONA,Arizona,Kentucky,Total,5
2003,104179,UNIVERSITY OF ARIZONA,Arizona,Iowa,Total,16
2003,104179,UNIVERSITY OF ARIZONA,Arizona,Virginia,Total,21
2003,104179,UNIVERSITY OF ARIZONA,Arizona,Puerto Rico,Total,1
2003,104179,UNIVERSITY OF ARIZONA,Arizona,Outlying areas total,Total,3
2003,104179,UNIVERSITY OF ARIZONA,Arizona,Mississippi,Total,3
2003,104179,UNIVERSITY OF ARIZONA,Arizona,Washington,Total,74
2003,104179,UNIVERSITY OF ARIZONA,Arizona,Pennsylvania,Total,34
2003,104179,UNIVERSITY OF ARIZONA,Arizona,Louisiana,Total,4
2003,104179,UNIVERSITY OF ARIZONA,Arizona,Wyoming,Total,4
2003,104179,UNIVERSITY OF ARIZONA,Arizona,Minnesota,Total,43
2003,104179,UNIVERSITY OF ARIZONA,Arizona,Georgia,Total,10
2003,104179,UNIVERSITY OF ARIZONA,Arizona,Illinois,Total,112
2002,104179,UNIVERSITY OF ARIZONA,Arizona,Utah,Total,11
2002,104179,UNIVERSITY OF ARIZONA,Arizona,Kansas,Total,12
2002,104179,UNIVERSITY OF ARIZONA,Arizona,Indiana,Total,14
2002,104179,UNIVERSITY OF ARIZONA,Arizona,Louisiana,Total,4
2002,104179,UNIVERSITY OF ARIZONA,Arizona,US total,Total,5746
2002,104179,UNIVERSITY OF ARIZONA,Arizona,Vermont,Total,5
2002,104179,UNIVERSITY OF ARIZONA,Arizona,Outlying areas total,Total,1
2002,104179,UNIVERSITY OF ARIZONA,Arizona,Delaware,Total,2
2002,104179,UNIVERSITY OF ARIZONA,Arizona,Alaska,Total,6
2002,104179,UNIVERSITY OF ARIZONA,Arizona,Iowa,Total,5
2002,104179,UNIVERSITY OF ARIZONA,Arizona,Pennsylvania,Total,51
2002,104179,UNIVERSITY OF ARIZONA,Arizona,Virginia,Total,19
2002,104179,UNIVERSITY OF ARIZONA,Arizona,Ohio,Total,31
2002,104179,UNIVERSITY OF ARIZONA,Arizona,Wisconsin,Total,29
2002,104179,UNIVERSITY OF ARIZONA,Arizona,Idaho,Total,15
2002,104179,UNIVERSITY OF ARIZONA,Arizona,Maine,Total,3
2002,104179,UNIVERSITY OF ARIZONA,Arizona,New Hampshire,Total,4
2002,104179,UNIVERSITY OF ARIZONA,Arizona,Colorado,Total,65
2002,104179,UNIVERSITY OF ARIZONA,Arizona,Missouri,Total,19
2002,104179,UNIVERSITY OF ARIZONA,Arizona,Michigan,Total,22
2002,104179,UNIVERSITY OF ARIZONA,Arizona,South Dakota,Total,4
2002,104179,UNIVERSITY OF ARIZONA,Arizona,Montana,Total,5
2002,104179,UNIVERSITY OF ARIZONA,Arizona,Nebraska,Total,6
2002,104179,UNIVERSITY OF ARIZONA,Arizona,New Jersey,Total,60
2002,104179,UNIVERSITY OF ARIZONA,Arizona,Rhode Island,Total,3
2002,104179,UNIVERSITY OF ARIZONA,Arizona,South Carolina,Total,3
2002,104179,UNIVERSITY OF ARIZONA,Arizona,Oklahoma,Total,4
2002,104179,UNIVERSITY OF ARIZONA,Arizona,Minnesota,Total,35
2002,104179,UNIVERSITY OF ARIZONA,Arizona,California,Total,772
2002,104179,UNIVERSITY OF ARIZONA,Arizona,Washington,Total,103
2002,104179,UNIVERSITY OF ARIZONA,Arizona,Texas,Total,97
2002,104179,UNIVERSITY OF ARIZONA,Arizona,Maryland,Total,21
2002,104179,UNIVERSITY OF ARIZONA,Arizona,New York,Total,47
2002,104179,UNIVERSITY OF ARIZONA,Arizona,State unknown,Total,57
2002,104179,UNIVERSITY OF ARIZONA,Arizona,North Dakota,Total,2
2002,104179,UNIVERSITY OF ARIZONA,Arizona,Oregon,Total,50
2002,104179,UNIVERSITY OF ARIZONA,Arizona,Georgia,Total,19
2002,104179,UNIVERSITY OF ARIZONA,Arizona,Northern Marianas,Total,1
2002,104179,UNIVERSITY OF ARIZONA,Arizona,Florida,Total,18
2002,104179,UNIVERSITY OF ARIZONA,Arizona,Massachusetts,Total,20
2002,104179,UNIVERSITY OF ARIZONA,Arizona,Alabama,Total,5
2002,104179,UNIVERSITY OF ARIZONA,Arizona,Connecticut,Total,28
2002,104179,UNIVERSITY OF ARIZONA,Arizona,Arizona,Total,3799
2002,104179,UNIVERSITY OF ARIZONA,Arizona,Mississippi,Total,3
2002,104179,UNIVERSITY OF ARIZONA,Arizona,Hawaii,Total,11
2002,104179,UNIVERSITY OF ARIZONA,Arizona,Kentucky,Total,1
2002,104179,UNIVERSITY OF ARIZONA,Arizona,New Mexico,Total,44
2002,104179,UNIVERSITY OF ARIZONA,Arizona,Wyoming,Total,8
2002,104179,UNIVERSITY OF ARIZONA,Arizona,District of Columbia,Total,5
2002,104179,UNIVERSITY OF ARIZONA,Arizona,Illinois,Total,134
2002,104179,UNIVERSITY OF ARIZONA,Arizona,Total,Total,5808
2002,104179,UNIVERSITY OF ARIZONA,Arizona,Foreign countries,Total,61
2002,104179,UNIVERSITY OF ARIZONA,Arizona,North Carolina,Total,12
2002,104179,UNIVERSITY OF ARIZONA,Arizona,Arkansas,Total,1
2002,104179,UNIVERSITY OF ARIZONA,Arizona,Nevada,Total,38
2002,104179,UNIVERSITY OF ARIZONA,Arizona,Tennessee,Total,14
2002,166027,HARVARD UNIVERSITY,Massachusetts,Guam,Total,1
2002,166027,HARVARD UNIVERSITY,Massachusetts,Maryland,Total,53
2002,166027,HARVARD UNIVERSITY,Massachusetts,Nevada,Total,1
2002,166027,HARVARD UNIVERSITY,Massachusetts,Hawaii,Total,11
2002,166027,HARVARD UNIVERSITY,Massachusetts,Tennessee,Total,8
2002,166027,HARVARD UNIVERSITY,Massachusetts,Minnesota,Total,19
2002,166027,HARVARD UNIVERSITY,Massachusetts,New York,Total,224
2002,166027,HARVARD UNIVERSITY,Massachusetts,Iowa,Total,5
2002,166027,HARVARD UNIVERSITY,Massachusetts,Wyoming,Total,1
2002,166027,HARVARD UNIVERSITY,Massachusetts,Oklahoma,Total,8
2002,166027,HARVARD UNIVERSITY,Massachusetts,Montana,Total,8
2002,166027,HARVARD UNIVERSITY,Massachusetts,West Virginia,Total,3
2002,166027,HARVARD UNIVERSITY,Massachusetts,Connecticut,Total,42
2002,166027,HARVARD UNIVERSITY,Massachusetts,Kentucky,Total,7
2002,166027,HARVARD UNIVERSITY,Massachusetts,Ohio,Total,34
2002,166027,HARVARD UNIVERSITY,Massachusetts,Outlying areas total,Total,14
2002,166027,HARVARD UNIVERSITY,Massachusetts,Michigan,Total,24
2002,166027,HARVARD UNIVERSITY,Massachusetts,Texas,Total,65
2002,166027,HARVARD UNIVERSITY,Massachusetts,Puerto Rico,Total,11
2002,166027,HARVARD UNIVERSITY,Massachusetts,Louisiana,Total,7
2002,166027,HARVARD UNIVERSITY,Massachusetts,Missouri,Total,15
2002,166027,HARVARD UNIVERSITY,Massachusetts,Maine,Total,13
2002,166027,HARVARD UNIVERSITY,Massachusetts,Kansas,Total,6
2002,166027,HARVARD UNIVERSITY,Massachusetts,Nebraska,Total,1
2002,166027,HARVARD UNIVERSITY,Massachusetts,Virginia,Total,26
2002,166027,HARVARD UNIVERSITY,Massachusetts,Delaware,Total,6
2002,166027,HARVARD UNIVERSITY,Massachusetts,Washington,Total,17
2002,166027,HARVARD UNIVERSITY,Massachusetts,North Dakota,Total,3
2002,166027,HARVARD UNIVERSITY,Massachusetts,Alaska,Total,1
2002,166027,HARVARD UNIVERSITY,Massachusetts,Idaho,Total,5
2002,166027,HARVARD UNIVERSITY,Massachusetts,South Carolina,Total,4
2002,166027,HARVARD UNIVERSITY,Massachusetts,Oregon,Total,11
2002,166027,HARVARD UNIVERSITY,Massachusetts,Colorado,Total,13
2002,166027,HARVARD UNIVERSITY,Massachusetts,Arizona,Total,4
2002,166027,HARVARD UNIVERSITY,Massachusetts,South Dakota,Total,2
2002,166027,HARVARD UNIVERSITY,Massachusetts,Rhode Island,Total,8
2002,166027,HARVARD UNIVERSITY,Massachusetts,Vermont,Total,9
2002,166027,HARVARD UNIVERSITY,Massachusetts,Georgia,Total,21
2002,166027,HARVARD UNIVERSITY,Massachusetts,New Hampshire,Total,6
2002,166027,HARVARD UNIVERSITY,Massachusetts,Virgin Islands,Total,2
2002,166027,HARVARD UNIVERSITY,Massachusetts,Alabama,Total,8
2002,166027,HARVARD UNIVERSITY,Massachusetts,California,Total,188
2002,166027,HARVARD UNIVERSITY,Massachusetts,District of Columbia,Total,11
2002,166027,HARVARD UNIVERSITY,Massachusetts,New Mexico,Total,4
2002,166027,HARVARD UNIVERSITY,Massachusetts,Massachusetts,Total,241
2002,166027,HARVARD UNIVERSITY,Massachusetts,Pennsylvania,Total,58
2002,166027,HARVARD UNIVERSITY,Massachusetts,Florida,Total,67
2002,166027,HARVARD UNIVERSITY,Massachusetts,New Jersey,Total,90
2002,166027,HARVARD UNIVERSITY,Massachusetts,Total,Total,1625
2002,166027,HARVARD UNIVERSITY,Massachusetts,US total,Total,1483
2002,166027,HARVARD UNIVERSITY,Massachusetts,Illinois,Total,48
2002,166027,HARVARD UNIVERSITY,Massachusetts,Indiana,Total,12
2002,166027,HARVARD UNIVERSITY,Massachusetts,Arkansas,Total,2
2002,166027,HARVARD UNIVERSITY,Massachusetts,Foreign countries,Total,128
2002,166027,HARVARD UNIVERSITY,Massachusetts,State unknown,Total,20
2002,166027,HARVARD UNIVERSITY,Massachusetts,North Carolina,Total,22
2002,166027,HARVARD UNIVERSITY,Massachusetts,Utah,Total,2
2002,166027,HARVARD UNIVERSITY,Massachusetts,Wisconsin,Total,19
2001,104179,UNIVERSITY OF ARIZONA,Arizona,Kansas,Total,13
2001,104179,UNIVERSITY OF ARIZONA,Arizona,Minnesota,Total,36
2001,104179,UNIVERSITY OF ARIZONA,Arizona,Delaware,Total,1
2001,104179,UNIVERSITY OF ARIZONA,Arizona,Connecticut,Total,31
2001,104179,UNIVERSITY OF ARIZONA,Arizona,New York,Total,60
2001,104179,UNIVERSITY OF ARIZONA,Arizona,Residence not reported (balance line),Total,48
2001,104179,UNIVERSITY OF ARIZONA,Arizona,Missouri,Total,21
2001,104179,UNIVERSITY OF ARIZONA,Arizona,South Dakota,Total,4
2001,104179,UNIVERSITY OF ARIZONA,Arizona,Utah,Total,9
2001,104179,UNIVERSITY OF ARIZONA,Arizona,New Hampshire,Total,7
2001,104179,UNIVERSITY OF ARIZONA,Arizona,New Mexico,Total,56
2001,104179,UNIVERSITY OF ARIZONA,Arizona,Indiana,Total,18
2001,104179,UNIVERSITY OF ARIZONA,Arizona,Kentucky,Total,6
2001,104179,UNIVERSITY OF ARIZONA,Arizona,Wyoming,Total,5
2001,104179,UNIVERSITY OF ARIZONA,Arizona,Oklahoma,Total,8
2001,104179,UNIVERSITY OF ARIZONA,Arizona,Idaho,Total,19
2001,104179,UNIVERSITY OF ARIZONA,Arizona,Montana,Total,5
2001,104179,UNIVERSITY OF ARIZONA,Arizona,Guam,Total,1
2001,104179,UNIVERSITY OF ARIZONA,Arizona,Alaska,Total,17
2001,104179,UNIVERSITY OF ARIZONA,Arizona,Michigan,Total,25
2001,104179,UNIVERSITY OF ARIZONA,Arizona,Massachusetts,Total,29
2001,104179,UNIVERSITY OF ARIZONA,Arizona,California,Total,845
2001,104179,UNIVERSITY OF ARIZONA,Arizona,New Jersey,Total,54
2001,104179,UNIVERSITY OF ARIZONA,Arizona,Washington,Total,87
2001,104179,UNIVERSITY OF ARIZONA,Arizona,Tennessee,Total,14
2001,104179,UNIVERSITY OF ARIZONA,Arizona,Mississippi,Total,1
2001,104179,UNIVERSITY OF ARIZONA,Arizona,Oregon,Total,57
2001,104179,UNIVERSITY OF ARIZONA,Arizona,Ohio,Total,35
2001,104179,UNIVERSITY OF ARIZONA,Arizona,Alabama,Total,5
2001,104179,UNIVERSITY OF ARIZONA,Arizona,Iowa,Total,14
2001,104179,UNIVERSITY OF ARIZONA,Arizona,Total,Total,5949
2001,104179,UNIVERSITY OF ARIZONA,Arizona,Pennsylvania,Total,39
2001,104179,UNIVERSITY OF ARIZONA,Arizona,Foreign countries,Total,51
2001,104179,UNIVERSITY OF ARIZONA,Arizona,Nebraska,Total,13
2001,104179,UNIVERSITY OF ARIZONA,Arizona,Colorado,Total,79
2001,104179,UNIVERSITY OF ARIZONA,Arizona,Maine,Total,4
2001,104179,UNIVERSITY OF ARIZONA,Arizona,Georgia,Total,12
2001,104179,UNIVERSITY OF ARIZONA,Arizona,Maryland,Total,22
2001,104179,UNIVERSITY OF ARIZONA,Arizona,Louisiana,Total,6
2001,104179,UNIVERSITY OF ARIZONA,Arizona,Arkansas,Total,1
2001,104179,UNIVERSITY OF ARIZONA,Arizona,Wisconsin,Total,35
2001,104179,UNIVERSITY OF ARIZONA,Arizona,Florida,Total,14
2001,104179,UNIVERSITY OF ARIZONA,Arizona,Virginia,Total,21
2001,104179,UNIVERSITY OF ARIZONA,Arizona,Nevada,Total,30
2001,104179,UNIVERSITY OF ARIZONA,Arizona,Hawaii,Total,14
2001,104179,UNIVERSITY OF ARIZONA,Arizona,Illinois,Total,124
2001,104179,UNIVERSITY OF ARIZONA,Arizona,Vermont,Total,7
2001,104179,UNIVERSITY OF ARIZONA,Arizona,State unknown,Total,4
2001,104179,UNIVERSITY OF ARIZONA,Arizona,Arizona,Total,3792
2001,104179,UNIVERSITY OF ARIZONA,Arizona,US total,Total,5849
2001,104179,UNIVERSITY OF ARIZONA,Arizona,Texas,Total,124
2001,104179,UNIVERSITY OF ARIZONA,Arizona,District of Columbia,Total,5
2001,104179,UNIVERSITY OF ARIZONA,Arizona,North Carolina,Total,10
2001,104179,UNIVERSITY OF ARIZONA,Arizona,South Carolina,Total,4
2001,104179,UNIVERSITY OF ARIZONA,Arizona,North Dakota,Total,3
2001,104179,UNIVERSITY OF ARIZONA,Arizona,Rhode Island,Total,4